model,Average Rank,SEM
pure-gru,1.22,0.05917804336345136
pure-rnn,2.42,0.13428571428571429
pure-lstm,2.66,0.09306569985658474
hybrid,3.7,0.09147320339189784
