model,Average Rank,SEM
pure-gru,1.24,0.06101187572589322
pure-rnn,2.28,0.12135291760911601
pure-lstm,2.58,0.09075645813867766
hybrid,3.9,0.04285714285714285
