model,Average Rank,SEM
pure-gru,1.548,0.04497638827215934
pure-rnn,2.332,0.05369017170909971
pure-lstm,2.336,0.05433438045656169
hybrid,3.784,0.041717350699650026
