model,Average Rank,SEM
pure-rnn,1.84,0.10443238218569752
pure-gru,1.92,0.1206783547539593
pure-lstm,2.34,0.13585706774821418
hybrid,3.9,0.04285714285714285
